{"cameraMode":{"drawMode":0,"name":"Shaded","section":"Shading Mode"},"sceneLighting":true,"audioPlay":false,"sceneViewState":{"m_AlwaysRefresh":false,"showFog":true,"showSkybox":true,"showFlares":true,"showImageEffects":true,"showParticleSystems":true,"showVisualEffectGraphs":true,"m_FxEnabled":true},"in2DMode":false,"pivot":{"x":30.36346435546875,"y":-6.028655529022217,"z":61.14215087890625},"rotation":{"x":0.10802940279245377,"y":-0.37269461154937746,"z":0.043490923941135409,"w":0.920711100101471},"size":21.780397415161134,"orthographic":false}