{"cameraMode":{"drawMode":0,"name":"Shaded","section":"Shading Mode"},"sceneLighting":false,"audioPlay":false,"sceneViewState":{"m_AlwaysRefresh":false,"showFog":true,"showSkybox":false,"showFlares":true,"showImageEffects":true,"showParticleSystems":true,"showVisualEffectGraphs":true,"m_FxEnabled":true},"in2DMode":false,"pivot":{"x":-0.883338987827301,"y":0.0686035007238388,"z":-0.3337182104587555},"rotation":{"x":0.20727327466011048,"y":0.6438999176025391,"z":-0.18743865191936494,"w":0.7123290300369263},"size":0.13684135675430299,"orthographic":false}