{"cameraMode":{"drawMode":0,"name":"Shaded","section":"Shading Mode"},"sceneLighting":false,"audioPlay":false,"sceneViewState":{"m_AlwaysRefresh":false,"showFog":true,"showSkybox":false,"showFlares":true,"showImageEffects":true,"showParticleSystems":true,"showVisualEffectGraphs":true,"m_FxEnabled":true},"in2DMode":false,"pivot":{"x":0.5832391381263733,"y":0.12100750207901001,"z":1.0528348684310914},"rotation":{"x":0.13359196484088899,"y":-0.043702132999897,"z":0.005800414364784956,"w":0.9901257753372192},"size":0.13776260614395142,"orthographic":false}